,train_loss,train_acc,doublesum_train,doublesum_eval,doublesum_eval2,taylor_base,taylor_delta2,taylor_deltaeps,taylor_total,test_loss,test_acc
0,2.2817321538925173,0.15546875,2.1819303035736084,2.191727638244629,2.190457582473755,3.1672844171524046,0.07163045443594455,-0.007451409101486206,3.2314634624868632,2.15204937210083,0.2692
