,train_loss,train_acc,doublesum_train,doublesum_eval,doublesum_eval2,taylor_base,taylor_delta2,taylor_deltaeps,taylor_total,test_loss,test_acc
0,2.281952452659607,0.1609375,2.1815578937530518,2.1911935806274414,2.1914432048797607,3.166769766807556,0.10934903919696808,-0.05553150624036789,3.2205872997641563,2.166854975128174,0.2336
1,2.1162187814712525,0.290625,1.9739058017730713,1.9763672351837158,1.9841079711914062,2.8809789180755616,0.13155651167035104,-0.09383414536714554,2.918701284378767,1.8356899597167968,0.3949
2,1.8864792466163636,0.43203125,1.7239240407943726,1.7324224710464478,1.7055813074111938,2.5850257873535156,0.19877411276102067,-0.1997756641358137,2.5840242359787227,1.4720001861572265,0.5343
3,1.6768476247787476,0.540625,1.543805718421936,1.5473495721817017,1.5343912839889526,2.3982769727706907,0.22016432136297226,-0.3229829579591751,2.295458336174488,1.2496635307312012,0.6079
4,1.4624680876731873,0.67265625,1.3300858736038208,1.3748750686645508,1.3520618677139282,2.169031572341919,0.2172108605504036,-0.49618273973464966,1.890059693157673,0.8387999258041382,0.7644
